Timestamp,What is your gender?,What country were you born in?,What is your age?,"On a scale of 1 (chill) to 10 (extreme tiger parents), what are/were your parents/guardians like?","How much of your life do academic pursuits (classes, research, teaching, etc.) take up?","During the school year, how much do you sleep a year (in hours per night) on a typical weekday night?","What's the best class you've taken at Berkeley? Give in a format like ""GEOG 10"", where you have the category first, then a space, then the number. Official course categories are here: http://guide.berkeley.edu/courses/. ","Rate the following things on a scale of 1 to 5, where 1 means strongly dislike, 2 means dislike, 3 means neutral, 4 means like, and 5 means strongly like. [Harry Potter Books]","Rate the following things on a scale of 1 to 5, where 1 means strongly dislike, 2 means dislike, 3 means neutral, 4 means like, and 5 means strongly like. [E-40]","Rate the following things on a scale of 1 to 5, where 1 means strongly dislike, 2 means dislike, 3 means neutral, 4 means like, and 5 means strongly like. [Musical.ly]","Rate the following things on a scale of 1 to 5, where 1 means strongly dislike, 2 means dislike, 3 means neutral, 4 means like, and 5 means strongly like. [Python]","Rate the following things on a scale of 1 to 5, where 1 means strongly dislike, 2 means dislike, 3 means neutral, 4 means like, and 5 means strongly like. [Eucalyptus Trees]","Rate the following things on a scale of 1 to 5, where 1 means strongly dislike, 2 means dislike, 3 means neutral, 4 means like, and 5 means strongly like. [Surfing]","Rate the following things on a scale of 1 to 5, where 1 means strongly dislike, 2 means dislike, 3 means neutral, 4 means like, and 5 means strongly like. [Jorge Luis Borges]","Rate the following things on a scale of 1 to 5, where 1 means strongly dislike, 2 means dislike, 3 means neutral, 4 means like, and 5 means strongly like. [Pokemon]","Rate the following things on a scale of 1 to 5, where 1 means strongly dislike, 2 means dislike, 3 means neutral, 4 means like, and 5 means strongly like. [Baseball]","Rate the following things on a scale of 1 to 5, where 1 means strongly dislike, 2 means dislike, 3 means neutral, 4 means like, and 5 means strongly like. [The role of random chance in our lives.]","Rate the following things on a scale of 1 to 5, where 1 means strongly dislike, 2 means dislike, 3 means neutral, 4 means like, and 5 means strongly like. [Sludge / Doom metal]",Choose an integer greater than or equal to zero. The winner is whoever picks the smallest number that is unique (i.e. that nobody else picks). ,Pick a word in any language.,Pants: zipper first or button first?,Which word describes you better?,"Would you prefer good things happened, or interesting things?",Have you ever traveled another country alone?,Do you believe morality is universal or relative?,Preferred way to eat eggs?,"What is your favorite music to listen to? (could be a genre, artist, composer, album, whatever)"
8/29/2018 13:47:34,Male,United States,21,4,7,7,CS 10,4,4,No opinion.,5,4,No opinion.,5,3,4,5,I don't know what this is.,24,Â•Ω,Zipper first!,Carefree,Good,Yes,Relative,Scrambled,Hip Hop
8/29/2018 13:47:40,Male,United States,20,8,6,6,DATA 8,No opinion.,No opinion.,1,4,No opinion.,No opinion.,I don't know what this is.,4,1,3,1,51,insatiable,Zipper first!,Intense,Good,No,Relative,Sunny side up,a cappella
8/29/2018 13:47:53,Female,United States,21,6,8,7,,5,3,I don't know what this is.,4,5,2,I don't know what this is.,1,2,No opinion.,1,8,dulce,Zipper first!,Carefree,Interesting,No,Relative,Scrambled,Kanye West
8/29/2018 13:48:03,Male,United States,21,3,7,8,GWS 103,5,5,1,5,3,1,I don't know what this is.,2,4,5,5,21,no,Button first!,Intense,Interesting,No,Relative,Scrambled,lo fi hip hop to study/chill to
8/29/2018 13:48:20,Male,China,18,4,5,7,CS 61A,5,I don't know what this is.,I don't know what this is.,5,5,No opinion.,I don't know what this is.,5,5,3,1,17,,Zipper first!,Carefree,Interesting,Yes,Relative,Soft/hard boiled,
8/29/2018 13:48:35,Female,Canada,21,6,9,8,MCB 102,5,2,No opinion.,1,5,2,I don't know what this is.,1,1,3,No opinion.,15,Hola,Zipper first!,Intense,Good,No,Relative,Scrambled,Sing along 
8/29/2018 13:48:59,Male,Armenia,20,3,8,6,CS 170,5,I don't know what this is.,No opinion.,3,No opinion.,No opinion.,No opinion.,1,1,4,5,24,rendezvous,Zipper first!,Intense,Good,Yes,Universal,Scrambled,russian rock
8/29/2018 13:49:04,Female,United States,19,8,9,8,,3,2,1,4,5,No opinion.,I don't know what this is.,3,2,4,1,37,,Zipper first!,Intense,Good,No,Relative,Sunny side up,
8/29/2018 13:49:09,Male,United States,20,6,7,7,STAT 20,4,No opinion.,1,3,No opinion.,No opinion.,I don't know what this is.,5,4,2,1,28,bebida,Zipper first!,Intense,Good,Yes,Relative,Sunny side up,R&B
8/29/2018 13:49:28,Female,United States,19,6,8,6,COMPSCI 162,5,No opinion.,2,5,4,4,I don't know what this is.,4,3,4,1,17,ojala,Zipper first!,Intense,Interesting,No,Universal,Over medium/over hard,Alternative
8/29/2018 13:49:33,Male,China,22,2,6,8,,3,I don't know what this is.,I don't know what this is.,4,I don't know what this is.,I don't know what this is.,I don't know what this is.,2,1,3,I don't know what this is.,63,Êö¥Âäõ,,Carefree,Good,Yes,Universal,Sunny side up,
8/29/2018 13:49:51,Male,Korea South,27,8,6,8,compsci 188,5,I don't know what this is.,I don't know what this is.,5,I don't know what this is.,No opinion.,I don't know what this is.,4,2,2,5,2,Îèà,Button first!,Carefree,Good,No,Relative,No preference,edm
8/29/2018 13:49:58,Male,United States,,,,,,,,,,,,,,,,,548920564375643179504657347567340563489563796547365734965793687696876896786666969,,Button first!,Intense,Interesting,No,Relative,Scrambled,
8/29/2018 13:50:03,Female,United States,19,2,6,8,COMPSCI 61B,3,I don't know what this is.,1,5,No opinion.,4,I don't know what this is.,3,3,2,I don't know what this is.,20,Jelly,Button first!,Intense,Good,No,Relative,Scrambled,Spotify Daily Mix
8/29/2018 13:50:10,Male,United States,20,4,7,6,DATA 8,3,I don't know what this is.,2,4,No opinion.,No opinion.,I don't know what this is.,3,2,4,I don't know what this is.,14,Iridescent,Button first!,Carefree,Good,No,Relative,Scrambled,Lauv
8/29/2018 13:50:11,Female,Taiwan,19,4,8,6,MATH 54,5,I don't know what this is.,No opinion.,4,3,No opinion.,I don't know what this is.,No opinion.,2,2,No opinion.,1,Âππ,Zipper first!,Intense,Good,Yes,Relative,No preference,
8/29/2018 13:50:13,Male,Philippines,21,9,9,6,CS 188,4,No opinion.,No opinion.,5,3,3,I don't know what this is.,5,3,3,No opinion.,3,Aloha,Button first!,Intense,Interesting,No,Universal,Over medium/over hard,The Beatles
8/29/2018 13:50:22,Male,United States,19,7,7,7,CS 188,4,4,No opinion.,5,4,3,No opinion.,5,2,4,3,51,Mannschaft,Zipper first!,Carefree,Good,No,Relative,Scrambled,Daft Punk
8/29/2018 13:50:36,Male,China,21,6,8,7,CS 61B,,,,3,,5,,5,3,I don't know what this is.,,24,ÈîôÈÇ£Â®ò,Zipper first!,Intense,Interesting,No,Universal,Soft/hard boiled,Trance
8/29/2018 13:50:51,Male,United States,19,7,7,8,CS 61BL,3,4,3,4,No opinion.,No opinion.,I don't know what this is.,4,3,3,No opinion.,17,Blasphemous ,Zipper first!,Intense,Good,Yes,Relative,Scrambled,Rap
8/29/2018 13:51:05,Female,China,24,9,6,8,Stat134,4,3,3,3,3,1,3,3,1,4,3,7,fall,Button first!,Intense,Good,No,Relative,Soft/hard boiled,pop music
8/29/2018 13:51:09,Male,United States,18,5,8,6,COMPSCI 61B,4,I don't know what this is.,2,4,3,No opinion.,I don't know what this is.,4,3,5,No opinion.,23,trump,Zipper first!,Carefree,Interesting,No,Relative,Scrambled,Chirpy Chips
8/29/2018 13:51:13,Male,China,24,7,8,8,this,No opinion.,,I don't know what this is.,5,I don't know what this is.,I don't know what this is.,I don't know what this is.,I don't know what this is.,3,4,I don't know what this is.,129,apple,Zipper first!,Carefree,Interesting,No,Relative,Soft/hard boiled,jazz
8/29/2018 13:51:27,Male,United States,19,7,9,7,CS 61A,5,2,2,4,4,3,No opinion.,3,4,3,2,31,Agricola,Zipper first!,Intense,Good,Yes,Relative,Over easy,Pop
8/29/2018 13:51:29,Male,Taiwan,19,7,7,6,Math 53,3,I don't know what this is.,2,5,I don't know what this is.,4,No opinion.,4,5,5,No opinion.,23,Ê¥ß,Zipper first!,Intense,Interesting,Yes,Relative,Scrambled,Sad Music
8/29/2018 13:51:45,Female,United States,20,3,8,7,ASTRO C10,4,I don't know what this is.,1,4,2,3,I don't know what this is.,4,3,4,2,31,merhaba,Zipper first!,Intense,Good,No,Universal,Over easy,indie alternative
8/29/2018 13:51:47,Female,United States,20,8,8,7,,3,I don't know what this is.,I don't know what this is.,3,3,No opinion.,I don't know what this is.,4,4,4,2,14,day,Button first!,Carefree,Good,No,Relative,Soft/hard boiled,
8/29/2018 13:51:49,Male,United States,19,7,6,8,LINGUIS 5,4,I don't know what this is.,I don't know what this is.,4,No opinion.,2,I don't know what this is.,5,1,2,I don't know what this is.,23,pneumonoultramicroscopicsiliconvolcanoconiosis,Button first!,Intense,Good,No,Relative,Scrambled,
8/29/2018 13:51:53,Male,Japan,20,8,7,7,,No opinion.,No opinion.,1,5,,3,I don't know what this is.,4,4,No opinion.,I don't know what this is.,11,ENGLISH,Button first!,Carefree,Interesting,Yes,Relative,Over medium/over hard,EDM
8/29/2018 13:51:53,Male,India,19,9,3,8,Japanese 1A,3,I don't know what this is.,I don't know what this is.,4,No opinion.,No opinion.,No opinion.,5,4,4,No opinion.,30,Kek,Button first!,Carefree,Good,Yes,Relative,Over medium/over hard,Video Game Music
8/29/2018 13:52:04,Female,United States,21,2,6,7,DATA 8,3,I don't know what this is.,1,5,3,2,I don't know what this is.,5,2,5,I don't know what this is.,17,Saucy,Button first!,Carefree,Good,No,Relative,Soft/hard boiled,90s alt rock
8/29/2018 13:52:12,Female,United States,20,5,9,7,CS 61B,4,I don't know what this is.,1,5,4,4,I don't know what this is.,4,2,5,3,5,ok,Button first!,Intense,Interesting,No,Relative,Sunny side up,Eden
8/29/2018 13:52:48,Male,United States,20,1,5,7,HIST 7B,5,No opinion.,1,4,3,2,I don't know what this is.,5,2,2,1,7,Hola,Zipper first!,Carefree,Good,No,Relative,Some other way,
8/29/2018 13:53:03,Female,China,20,7,6,6,COMPSCI 188,5,I don't know what this is.,3,4,I don't know what this is.,1,I don't know what this is.,2,1,4,I don't know what this is.,17,hey,Zipper first!,Carefree,Interesting,Yes,Universal,No preference,piano or violin
8/29/2018 13:53:08,Female,China,22,2,5,8,,5,I don't know what this is.,I don't know what this is.,2,I don't know what this is.,3,I don't know what this is.,4,3,4,I don't know what this is.,12,,Zipper first!,,Good,Yes,Relative,Scrambled,
8/29/2018 13:53:17,Female,China,20,5,8,5,CBE 150A,1,I don't know what this is.,I don't know what this is.,4,I don't know what this is.,No opinion.,I don't know what this is.,1,1,4,I don't know what this is.,0,ÊàëÁöÑ‰∏™Â¶à,Button first!,Intense,Interesting,No,Relative,Scrambled,Higher Brothers 
8/29/2018 13:53:34,Female,China,22,8,6,6,KOREAN 1A,5,I don't know what this is.,I don't know what this is.,5,4,2,I don't know what this is.,3,2,3,I don't know what this is.,23,Â∞èÂßêÂßê,Button first!,Carefree,Good,Yes,Relative,Scrambled,MAMAMOO
8/29/2018 13:53:34,Male,United States,21,9,7,8,CS 61b,5,I don't know what this is.,No opinion.,5,1,No opinion.,1,No opinion.,No opinion.,3,1,39,hello,Button first!,Intense,Good,Yes,Relative,Scrambled, Thomas Fox Demos
8/29/2018 13:53:56,Male,United States,18,6,5,9,CS 61B,4,I don't know what this is.,2,4,5,4,4,4,3,4,2,37,golpear,Zipper first!,Carefree,Good,Yes,Relative,Sunny side up,SZA
8/29/2018 13:53:59,Female,United States,19,5,8,7,CS 61B,4,I don't know what this is.,1,5,No opinion.,4,I don't know what this is.,5,No opinion.,2,No opinion.,10,merde,Button first!,Carefree,Good,No,Relative,Scrambled,have been in a taylor swift mood recently
8/29/2018 13:54:09,Male,United States,19,6,8,5,CS61B,4,2,2,4,2,2,2,3,3,1,1,23,schadenfreude,Zipper first!,Carefree,Interesting,No,Universal,Scrambled,Korean underground r and b
8/29/2018 13:54:17,Female,United States,22,6,10,5,EDUC 186AC,5,5,I don't know what this is.,4,5,3,No opinion.,3,3,3,1,16, œÄŒµŒπŒΩŒ±œÉŒºŒ≠ŒΩŒøœÇ,Button first!,Intense,Good,Yes,Universal,Over medium/over hard,Alternative
8/29/2018 13:54:33,Male,United States,19,4,7,7,ENGLISH R1B,No opinion.,I don't know what this is.,1,5,4,3,I don't know what this is.,5,2,4,1,31,Xi,Zipper first!,Carefree,Good,Yes,Relative,Some other way,Eden
8/29/2018 13:54:45,Female,United States,20,8,7,7,FRENCH 180D,3,3,2,3,1,3,5,5,2,4,2,17,fourmille,Button first!,Carefree,Interesting,Yes,Universal,Sunny side up,animal collective
8/29/2018 13:54:52,Male,China,120,,,,CS 61A,,,,,,,,,,,,,,Button first!,Carefree,,,,Soft/hard boiled,J.FLA
8/29/2018 13:55:11,Male,United States,19,7,8,7,CS 61B,5,I don't know what this is.,1,4,4,5,I don't know what this is.,I don't know what this is.,1,5,1,11,Climbing,Button first!,Carefree,Interesting,No,Relative,Scrambled,Indie
8/29/2018 13:55:16,Male,United States,20,7,8,7,cs61b,5,2,I don't know what this is.,5,5,3,I don't know what this is.,5,1,4,1,7,shalom,Button first!,Carefree,Good,No,Relative,Over easy,The Shins
8/29/2018 13:56:13,Male,United States,21,8,6,7,ECON 136,4,3,I don't know what this is.,4,4,3,I don't know what this is.,5,3,3,2,69,pantalones,Button first!,Carefree,Good,No,Relative,Sunny side up,Country Roads
8/29/2018 13:56:34,Female,Taiwan,22,9,6,6,PE 1,5,I don't know what this is.,I don't know what this is.,5,I don't know what this is.,No opinion.,I don't know what this is.,5,3,3,No opinion.,33,cool,Button first!,Carefree,Interesting,Yes,Relative,Soft/hard boiled,Jay Chou
8/29/2018 13:56:36,Male,United States,18,8,8,6,NUSCTX 10,4,4,2,5,No opinion.,No opinion.,I don't know what this is.,4,2,No opinion.,No opinion.,54,coffee,Button first!,Intense,Good,No,Relative,Scrambled,Kanye
8/29/2018 13:56:52,Female,United States,20,8,8,5,CS 61BL,4,I don't know what this is.,I don't know what this is.,5,4,2,I don't know what this is.,2,No opinion.,3,I don't know what this is.,83,Cloud,Button first!,Intense,Good,Yes,Relative,Sunny side up,EDM
8/29/2018 13:57:48,Male,United States,19,7,8,7,CS 61a,4,4,3,5,5,4,4,4,3,5,4,35,Barakaat,Zipper first!,Carefree,Interesting,Yes,Relative,Scrambled,Twenty One pilots
8/29/2018 13:58:39,Female,United States,19,5,8,6,Data 8,2,I don't know what this is.,4,4,5,3,I don't know what this is.,5,1,3,1,14,Jesus,Button first!,Intense,Good,No,Relative,Sunny side up,90‚Äôs music
8/29/2018 14:00:32,Male,China,21,6,8,7,STAT C100,3,2,4,5,3,3,3,2,3,2,1,26,ÂØå,Zipper first!,Carefree,Good,No,Universal,Sunny side up,Something Just Like This
8/29/2018 14:00:35,Male,United States,19,4,5,7,STAT 134,5,4,1,5,1,2,5,2,5,5,4,74,sensational,Button first!,Carefree,Interesting,Yes,Relative,Sunny side up,Only Built 4 Cuban Linx
8/29/2018 14:00:43,Male,Canada,19,7,8,8,CS 70,5,I don't know what this is.,2,3,2,4,I don't know what this is.,4,1,5,1,43,ciao,Zipper first!,Intense,Interesting,Yes,Universal,Sunny side up,frank ocean
8/29/2018 14:01:33,Male,China,22,7,8,8,COMPSCI 188,No opinion.,I don't know what this is.,2,4,No opinion.,5,4,No opinion.,No opinion.,4,I don't know what this is.,89,‰ºØÂÖãÂà©,Zipper first!,Intense,Interesting,Yes,Relative,Over medium/over hard,ËãèÊ†ºÊãâÊ≤°ÊúâÂ∫ï
8/29/2018 14:02:08,Male,United States,20,4,8,7,ECON 136,4,3,1,4,4,4,3,4,4,2,3,27,‡§Ü‡§ú‡§æ‡§¶‡•Ä,Button first!,Intense,Good,No,Relative,Scrambled,Linkin Park
8/29/2018 14:02:24,Male,Brazil,26,4,8,7,COMPSCI 294,5,I don't know what this is.,I don't know what this is.,2,3,No opinion.,No opinion.,No opinion.,2,2,I don't know what this is.,11,Aba,Zipper first!,Intense,Good,No,Universal,Some other way,
8/29/2018 14:02:25,Male,India,22,7,7,7,,4,I don't know what this is.,I don't know what this is.,5,4,No opinion.,I don't know what this is.,3,1,4,I don't know what this is.,23,Aamaam,Button first!,Carefree,Good,Yes,Relative,Scrambled,
8/29/2018 14:02:57,Female,United States,20,8,7,9,STATS C8,5,I don't know what this is.,1,5,3,5,I don't know what this is.,3,2,5,2,187,Why?,Button first!,Intense,Interesting,No,Relative,Sunny side up,Music I like
8/29/2018 14:03:45,Male,United States,20,5,7,8,CS 61A,5,I don't know what this is.,No opinion.,5,3,No opinion.,I don't know what this is.,No opinion.,1,1,I don't know what this is.,21,Hola,Button first!,Carefree,Good,No,Relative,Scrambled,House State Nation
8/29/2018 14:04:04,Male,United States,21,4,6,8,COMPSCI 61B,4,I don't know what this is.,I don't know what this is.,4,4,2,I don't know what this is.,4,2,3,I don't know what this is.,14,Geschwindigkeitsbegrenzung,Zipper first!,Intense,Good,No,Relative,Over medium/over hard,Mom Jeans
8/29/2018 14:05:03,Female,United States,20,7,8,7,COGCSI 1,3,I don't know what this is.,2,4,5,No opinion.,I don't know what this is.,3,No opinion.,No opinion.,1,2,hua gua,Zipper first!,Carefree,Interesting,No,Relative,Sunny side up,
8/29/2018 14:06:07,Male,United Kingdom,18,6,2,6,ENGIN 270B,5,I don't know what this is.,3,5,3,4,I don't know what this is.,5,3,2,1,26,Aardvark,Button first!,Intense,Interesting,Yes,Relative,Some other way,Jazz
8/29/2018 14:07:07,Female,United States,27,5,7,7,ENGIN 270B,5,I don't know what this is.,No opinion.,3,3,4,I don't know what this is.,5,2,4,1,4,ciao,Button first!,Intense,Good,Yes,Relative,Sunny side up,classic rock
8/29/2018 14:07:29,Female,United States,20,3,8,9,HISTART 11,4,I don't know what this is.,I don't know what this is.,4,3,3,I don't know what this is.,5,3,4,I don't know what this is.,35,hebellobo,Button first!,Carefree,Good,Yes,Universal,Some other way,alternative
8/29/2018 14:08:04,Female,Panama,22,8,8,6,Data 8!,5,I don't know what this is.,I don't know what this is.,3,3,1,I don't know what this is.,No opinion.,No opinion.,3,I don't know what this is.,18,Â•Ω,Zipper first!,Carefree,Interesting,Yes,Relative,Scrambled,Jay Chou (Taiwanese artist)
8/29/2018 14:08:19,Male,United States,21,6,6,8,PHYS 137B,3,4,I don't know what this is.,4,5,No opinion.,No opinion.,3,5,4,I don't know what this is.,28,Mifager,Button first!,Carefree,Interesting,Yes,Relative,Over easy,Rap
8/29/2018 14:08:36,Male,Singapore,24,7,7,7,ITALIAN 40,5,I don't know what this is.,2,5,4,3,I don't know what this is.,4,No opinion.,3,2,67,melt,Button first!,Carefree,Interesting,Yes,Relative,Some other way,EDM
8/29/2018 14:08:41,Female,United States,19,7,6,7,CS160,5,3,2,5,4,No opinion.,4,4,2,5,I don't know what this is.,67,Ethereal,Button first!,Intense,Good,No,Relative,Sunny side up,K-Pop
8/29/2018 14:09:06,Female,United States,20,7,7,8,,3,2,4,4,4,5,I don't know what this is.,5,3,4,1,18,,Zipper first!,Intense,Interesting,Yes,Relative,Scrambled,Alternative
8/29/2018 14:09:10,Male,United Arab Emirates,22,8,8,7,None,2,3,3,5,No opinion.,No opinion.,No opinion.,No opinion.,4,I don't know what this is.,No opinion.,2,Mt,Zipper first!,Intense,Interesting,Yes,Relative,No preference,Apocalypse
8/29/2018 14:09:21,Male,United States,21,5,7,7,E 45,5,4,I don't know what this is.,2,2,No opinion.,No opinion.,4,1,No opinion.,I don't know what this is.,37,tsundere,Button first!,Intense,Good,Yes,Relative,Over easy,Future bass
8/29/2018 14:09:37,Male,United States,19,2,9,7,Stat 140,5,I don't know what this is.,1,5,4,2,I don't know what this is.,5,1,2,I don't know what this is.,1,keobi,Zipper first!,Carefree,Good,Yes,Relative,Soft/hard boiled,EDM
8/29/2018 14:10:16,Female,United States,20,5,7,7,CS61B,3,3,,3,4,2,3,4,2,2,1,7,Au revoir,Zipper first!,Carefree,Good,No,Universal,Scrambled,Pop
8/29/2018 14:10:30,Male,United States,19,5,6,8,COMPSCI 61B,5,4,1,4,2,No opinion.,4,5,5,3,2,74,campe√≥n,Zipper first!,Carefree,Good,No,Universal,Some other way,alt rock
8/29/2018 14:10:32,Male,United States,21,2,7,7,MS 170,2,4,I don't know what this is.,3,4,3,4,1,4,3,1,7,rascacielos,Button first!,Carefree,Good,No,Universal,Scrambled,Country
8/29/2018 14:11:23,Male,United States,23,2,6,7,STAT 134,No opinion.,3,2,4,No opinion.,No opinion.,No opinion.,4,2,5,2,8,Domo arigato,Button first!,Carefree,Interesting,No,Relative,Scrambled,Chillwave
8/29/2018 14:11:28,Female,Singapore,,7,6,6,DESINV 22,5,I don't know what this is.,2,5,5,4,I don't know what this is.,5,No opinion.,No opinion.,No opinion.,13,defenestrate,Button first!,Carefree,Good,Yes,Relative,No preference,
8/29/2018 14:11:36,Male,United Kingdom,20,7,8,7,CS10,1,4,1,4,3,4,I don't know what this is.,2,2,4,I don't know what this is.,49,„Åò„ÇÉ„Åå„ÅÑ„ÇÇ,Button first!,Carefree,Interesting,Yes,Relative,Over medium/over hard,Kanye West
8/29/2018 14:12:21,Female,China,20,7,7,6,CS 61A,5,I don't know what this is.,4,5,I don't know what this is.,4,I don't know what this is.,2,5,5,I don't know what this is.,26,ÁâõÈÄº,Button first!,Intense,Interesting,Yes,Relative,Scrambled,red hot chili peppers
8/29/2018 14:12:59,Male,United States,21,8,3,7,IND ENG 185,4,4,2,5,4,4,I don't know what this is.,3,1,5,1,131,Entropy.,Button first!,Carefree,Interesting,No,Relative,Sunny side up,A$AP Rocky
8/29/2018 14:13:22,Female,United States,19,5,6,8,COMPSCI C8,3,I don't know what this is.,2,4,4,4,I don't know what this is.,3,3,3,2,18,box,Zipper first!,Intense,Good,No,Universal,Sunny side up,
8/29/2018 14:13:32,Male,United States,19,6,8,7,Data 8,4,I don't know what this is.,I don't know what this is.,4,No opinion.,No opinion.,I don't know what this is.,No opinion.,No opinion.,3,I don't know what this is.,0,Fromagerie ,Zipper first!,Intense,Good,No,Relative,Sunny side up,(Viennese) Classical Music 
8/29/2018 14:13:47,Male,United States,19,6,7,7,FILM R1B,5,4,2,4,4,3,I don't know what this is.,4,I don't know what this is.,5,I don't know what this is.,51,‰ªñÂ¶àÁöÑ,Zipper first!,Carefree,Interesting,No,Relative,Soft/hard boiled,Josh Hug's Playlist
8/29/2018 14:14:48,Female,Canada,19,8,8,7,,4,,2,3,3,4,,,2,2,,24,bonjour,Button first!,Intense,Interesting,No,Relative,Over easy,
8/29/2018 14:14:55,Other,Azerbaijan,27,1,10,3,UGBA10,3,I don't know what this is.,5,I don't know what this is.,5,,4,,5,4,,11,Rhinoceros,Button first!,Intense,Interesting,Yes,Universal,Some other way,Drill
8/29/2018 14:15:45,Male,United States,17,8,8,8,CS 195,5,No opinion.,No opinion.,5,4,4,2,5,2,5,1,17,Inshallah,Button first!,Intense,Good,No,Relative,Sunny side up,Rap/hip-hop
8/29/2018 14:16:19,Female,United States,20,7,7,8,CompLit R1A,No opinion.,I don't know what this is.,5,5,4,3,I don't know what this is.,4,4,5,3,0,wow,Button first!,Carefree,Interesting,No,Universal,Scrambled,"neosoul, electronic jazz"
8/29/2018 14:16:24,Male,United States,19,8,8,8,CS 61B,No opinion.,I don't know what this is.,No opinion.,4,4,4,I don't know what this is.,4,2,4,I don't know what this is.,11,Shiumai,Zipper first!,Carefree,Interesting,No,Universal,Over easy,Classical
8/29/2018 14:16:33,Male,United States,19,3,7,8,COMPSCI 70,5,I don't know what this is.,I don't know what this is.,4,No opinion.,No opinion.,I don't know what this is.,1,4,3,I don't know what this is.,16,Nostril,Zipper first!,Intense,Good,No,Relative,Soft/hard boiled,Pop rock
8/29/2018 14:16:51,Male,United States,19,3,8,7,INDENG 191,1,1,3,5,2,2,2,2,2,5,1,12,ganja,Zipper first!,Carefree,Interesting,Yes,Relative,I do not eat eggs,EDM
8/29/2018 14:17:02,Male,United States,20,4,6,8,,4,I don't know what this is.,1,4,3,3,I don't know what this is.,5,3,1,I don't know what this is.,154,potato,Zipper first!,Intense,Interesting,No,Relative,Soft/hard boiled,Frank Ocean
8/29/2018 14:17:54,Male,United States,20,5,7,9,CS 170,4,I don't know what this is.,I don't know what this is.,4,3,4,I don't know what this is.,4,4,4,2,117,joy,Zipper first!,Intense,Interesting,No,Universal,Scrambled,Kygo
8/29/2018 14:18:35,Female,China,,5,7,8,,,,,,,,,,,,,67,,Zipper first!,,Good,No,,Sunny side up,hiphop
8/29/2018 14:18:43,Female,Korea South,19,3,8,6,CS 70,3,No opinion.,No opinion.,4,3,No opinion.,3,1,1,4,1,8,Ìóâ,Button first!,Carefree,Good,No,Relative,Scrambled,R&B or soul
8/29/2018 14:20:33,Other,Tuvalu,120,10,1,10,,4,1,1,I don't know what this is.,5,3,I don't know what this is.,5,1,3,2,12,È¢®Ê∞¥,Button first!,Carefree,Interesting,No,Universal,Some other way,
8/29/2018 14:21:25,Male,United States,21,7,3,10,CS 61A,4,No opinion.,I don't know what this is.,3,No opinion.,No opinion.,3,4,2,5,No opinion.,31,nani,Zipper first!,Carefree,Interesting,No,Relative,Soft/hard boiled,yeezy
8/29/2018 14:22:04,Female,United States,20,4,7,7,HISTART R1B,5,No opinion.,1,4,1,5,5,3,1,2,1,23,palabra,Button first!,Carefree,Good,No,Relative,Over easy,indie rock
8/29/2018 14:23:53,Male,United States,21,4,7,7,CS 61B,5,2,I don't know what this is.,5,2,3,I don't know what this is.,5,1,4,1,71,Queso,Button first!,Intense,Good,No,Universal,Over easy,EDM
8/29/2018 14:24:45,Male,United States,19,3,8,6,ECON 100B,5,5,No opinion.,5,No opinion.,4,I don't know what this is.,3,2,2,I don't know what this is.,19,aloha,Button first!,Intense,Interesting,Yes,Relative,Over easy,Alternative
8/29/2018 14:25:59,Male,United States,18,5,8,8,,5,I don't know what this is.,I don't know what this is.,4,I don't know what this is.,No opinion.,I don't know what this is.,3,3,3,I don't know what this is.,10,joshua,Button first!,Carefree,Good,No,Relative,No preference,Coldplay
8/29/2018 14:27:04,Male,United States,21,2,7,6,,4,3,3,4,4,4,No opinion.,5,4,4,3,27,yes,Button first!,Intense,Interesting,No,Universal,Scrambled,90s grunge/alt rock
8/29/2018 14:27:18,Male,United States,21,5,4,6,ASTRON C10,5,No opinion.,I don't know what this is.,5,4,1,I don't know what this is.,5,2,2,1,0,Freundschaftsbezeugung,Button first!,Carefree,Good,No,Relative,Scrambled,Queen
8/29/2018 14:27:45,Male,United States,23,3,7,5,COMPSCI C8,5,No opinion.,I don't know what this is.,5,4,3,,5,2,1,5,0,Satyr,Button first!,Intense,Interesting,No,Relative,Over medium/over hard,"Black Metal, Grindcore, Doom"
8/29/2018 14:28:44,Male,United States,24,8,8,8,,4,I don't know what this is.,I don't know what this is.,4,4,3,4,4,3,1,I don't know what this is.,9,Macadamia,Zipper first!,Intense,Good,No,Universal,I do not eat eggs,Etta James
8/29/2018 14:30:19,Male,Taiwan,20,8,7,8,,No opinion.,No opinion.,No opinion.,5,No opinion.,3,No opinion.,No opinion.,No opinion.,5,No opinion.,29,oui,Zipper first!,Carefree,Good,No,Universal,No preference,EDM Dance Progressive Rock Classical (is this even a single genre?)
8/29/2018 14:31:40,Male,Antigua & Deps,29,1,2,5,GEOG C188,1,5,1,4,5,5,3,1,1,1,4,29,bite,Zipper first!,Carefree,Good,Yes,Relative,Soft/hard boiled,lil peep
8/29/2018 14:32:09,Female,United States,19,3,7,8,CS61B,5,I don't know what this is.,1,5,5,3,I don't know what this is.,3,2,5,No opinion.,19,your,Button first!,Carefree,Interesting,No,Relative,Scrambled,alternative
8/29/2018 14:34:38,Male,India,20,5,9,6,IB 35AC,4,I don't know what this is.,I don't know what this is.,5,4,2,I don't know what this is.,2,1,1,I don't know what this is.,53,mgbanwe,Button first!,Intense,Good,No,Universal,Scrambled,Nu Metal
8/29/2018 14:35:42,Male,India,18,3,7,6,CS61A,5,I don't know what this is.,3,4,No opinion.,3,4,No opinion.,4,5,No opinion.,19,tumhe,Button first!,Carefree,Interesting,No,Relative,Scrambled,Tropical House
8/29/2018 14:37:41,Male,United States,21,7,7,6,CompSci 161,5,I don't know what this is.,I don't know what this is.,5,No opinion.,No opinion.,No opinion.,5,No opinion.,3,4,11,defenestration,Zipper first!,Carefree,Good,Yes,Universal,I do not eat eggs,Pop
8/29/2018 14:37:57,Female,China,20,5,5,7,CS C200A,,,,,,,,,,,,13,,Zipper first!,Carefree,Interesting,Yes,,Scrambled,
8/29/2018 14:38:04,Male,United States,18,6,7,7,CS 70,4,I don't know what this is.,2,4,4,2,I don't know what this is.,5,4,3,No opinion.,282,waterfall,Button first!,Intense,Good,No,Relative,Scrambled,Frank Ocean
8/29/2018 14:38:42,Female,United States,20,5,7,7,Pol Sci 2,5,I don't know what this is.,1,4,5,No opinion.,I don't know what this is.,4,3,5,I don't know what this is.,22,Menagerie ,Zipper first!,Carefree,Interesting,No,Relative,Over medium/over hard,Alternative 
8/29/2018 14:42:02,Prefer not to say,United States,22,6,5,8,PHYSED 32,4,No opinion.,I don't know what this is.,5,4,No opinion.,No opinion.,2,4,3,1,28,Rose,Zipper first!,Intense,Good,Yes,Universal,Scrambled,Eurobeat
8/29/2018 14:42:26,Male,Philippines,19,3,7,7,Data 8,3,3,1,4,5,3,I don't know what this is.,5,3,No opinion.,1,0,Swag,Zipper first!,Carefree,Good,No,Relative,Over easy,Man on the Moon (Deluxe Edition) by Kid Cudi
8/29/2018 14:43:44,Female,United States,21,6,7,7,,4,I don't know what this is.,No opinion.,4,4,No opinion.,I don't know what this is.,5,2,2,I don't know what this is.,33,ennui,Zipper first!,Carefree,Good,No,Relative,Soft/hard boiled,
8/29/2018 14:45:27,Male,India,27,7,7,8,STATS 100,No opinion.,I don't know what this is.,2,4,3,3,I don't know what this is.,4,No opinion.,4,I don't know what this is.,108,kuch,Button first!,Carefree,Good,No,Relative,Soft/hard boiled,Punjabi
8/29/2018 14:47:56,Male,United States,21,4,6,7,CHM ENG 195,5,2,3,4,No opinion.,3,I don't know what this is.,2,4,4,1,38,Danke,Zipper first!,Carefree,Good,Yes,Relative,Scrambled,EDM
8/29/2018 14:49:57,Male,China,20,3,8,7,COMPSCI 189,4,I don't know what this is.,2,5,4,3,3,4,2,No opinion.,4,33,moist,Button first!,Carefree,Interesting,Yes,Relative,I do not eat eggs,Everything 
8/29/2018 14:50:19,Male,China,21,7,7,7,CS C100,3,2,2,3,3,3,2,3,2,4,3,66,Ëõ§,Button first!,Intense,Good,No,Relative,Sunny side up,Mariah Carey
8/29/2018 14:50:46,Male,United States,30,8,7,7,HIST 138,3,I don't know what this is.,I don't know what this is.,4,No opinion.,,I don't know what this is.,4,No opinion.,4,No opinion.,4,Ganbate,Button first!,Carefree,Good,No,Relative,Over medium/over hard,Classic rock
8/29/2018 14:51:44,Male,Vietnam,26,5,7,6,COMPSCI 61B,No opinion.,I don't know what this is.,I don't know what this is.,5,I don't know what this is.,5,I don't know what this is.,5,3,3,I don't know what this is.,7,duy,Zipper first!,Carefree,Good,No,Universal,Sunny side up,pop
8/29/2018 14:54:34,Female,United States,19,8,9,6,DATA 8,5,I don't know what this is.,I don't know what this is.,4,I don't know what this is.,No opinion.,I don't know what this is.,5,2,4,I don't know what this is.,24,Banana,Zipper first!,Intense,Good,No,Relative,Sunny side up,Sam Smith
8/29/2018 14:55:24,Female,India,21,7,8,5,E157AC,5,I don't know what this is.,I don't know what this is.,2,5,5,I don't know what this is.,3,1,1,I don't know what this is.,69,poop,Zipper first!,Carefree,Interesting,Yes,Relative,I do not eat eggs,Alice's Restaurant
8/29/2018 14:55:35,Male,United States,20,4,8,7,COMPSCI 170,4,1,1,4,5,4,I don't know what this is.,3,3,5,1,58,gorlami,Button first!,Carefree,Interesting,Yes,Relative,Sunny side up,Young Thug
8/29/2018 14:57:08,Female,China,18,7,7,6,CS188,5,I don't know what this is.,1,4,No opinion.,3,I don't know what this is.,3,3,4,1,17,„ÅäÊó©„ÅÜ,Button first!,Intense,Interesting,No,Universal,No preference,Rock
8/29/2018 14:57:25,Female,United States,20,8,8,5,ASTRO C10,5,I don't know what this is.,No opinion.,3,1,No opinion.,I don't know what this is.,4,No opinion.,No opinion.,No opinion.,8,√©poustouflant,Zipper first!,Carefree,Interesting,No,Universal,Soft/hard boiled,music that expresses my emotions
8/29/2018 14:59:35,Female,United States,19,6,8,5,MCB 62,5,I don't know what this is.,No opinion.,3,4,5,I don't know what this is.,3,1,4,I don't know what this is.,7,panda,Zipper first!,Carefree,Interesting,Yes,Relative,Some other way,edm
8/29/2018 15:00:45,Female,China,19,5,8,8,STAT 134,I don't know what this is.,I don't know what this is.,No opinion.,3,No opinion.,No opinion.,No opinion.,3,3,5,1,17,mix,Zipper first!,Intense,Good,Yes,Relative,Scrambled,Lorde
8/29/2018 15:04:09,Female,United States,20,4,8,5,INDENG 171,4,2,2,3,No opinion.,2,I don't know what this is.,2,1,4,No opinion.,0,bao,Button first!,Intense,Interesting,No,Relative,Sunny side up,EDM
8/29/2018 15:05:49,Male,United States,21,4,5,7,CS 189,5,2,2,5,4,2,4,5,5,1,1,11,poltergeist,Zipper first!,Carefree,Good,No,Relative,Scrambled,Hip-Hop
8/29/2018 15:06:58,Female,United States,20,4,7,6,THEATER 39,3,I don't know what this is.,No opinion.,4,3,4,I don't know what this is.,No opinion.,2,3,I don't know what this is.,13,God,Button first!,Intense,Interesting,No,Universal,Over medium/over hard,musicals
8/29/2018 15:11:45,Male,India,19,6,7,6,DATA 8,No opinion.,I don't know what this is.,2,5,No opinion.,No opinion.,I don't know what this is.,3,2,3,2,14,Chutiya,Zipper first!,Intense,Good,Yes,Relative,Sunny side up,Pop-ish
8/29/2018 15:12:25,Female,United States,20,4,9,7,GPP 115,5,I don't know what this is.,4,5,4,4,I don't know what this is.,No opinion.,No opinion.,5,I don't know what this is.,39875088753322,Chutiya,Zipper first!,Intense,Good,Yes,Relative,Scrambled,Indian ballads
8/29/2018 15:12:34,Male,United States,18,7,6,7,CS 61B,4,I don't know what this is.,3,3,I don't know what this is.,No opinion.,No opinion.,3,1,3,No opinion.,26,help,Button first!,Intense,Interesting,No,,Scrambled,
8/29/2018 15:14:28,,United States,20,5,6,6,CS 61B,4,I don't know what this is.,No opinion.,4,4,No opinion.,2,No opinion.,No opinion.,4,1,37,Ohana,Zipper first!,Carefree,Good,No,Relative,Scrambled,Not metal
8/29/2018 15:14:40,Female,United States,21,7,8,7,,4,,2,3,3,4,3,4,2,4,1,17,,Zipper first!,Intense,Good,Yes,Relative,Scrambled,Indie pop
8/29/2018 15:15:32,Male,Malaysia,20,6,8,8,EE 143,No opinion.,No opinion.,No opinion.,No opinion.,No opinion.,No opinion.,No opinion.,No opinion.,No opinion.,No opinion.,No opinion.,32,Âõß,Button first!,Carefree,Good,No,,Scrambled,music
8/29/2018 15:16:28,Male,United States,20,6,7,8,DATA 8,5,No opinion.,I don't know what this is.,4,4,No opinion.,I don't know what this is.,4,4,5,I don't know what this is.,14,Rechtsschutzversicherungsgesellschaften,Zipper first!,Intense,Good,No,Relative,Scrambled,All Star by Smash Mouth
8/29/2018 15:16:42,Male,United States,20,4,6,8,Scandin 160,3,3,3,3,3,3,3,3,4,3,3,6,Boketto,Button first!,Intense,Good,No,Relative,Some other way,Spotify 
8/29/2018 15:17:46,Male,United States,28,1,6,8,STAT 134,3,4,I don't know what this is.,5,1,5,I don't know what this is.,No opinion.,1,5,I don't know what this is.,1,Mahia-Kanuk,Button first!,Intense,Good,Yes,Relative,Sunny side up,Bluegrass
8/29/2018 15:18:18,Male,United States,20,6,7,7,L&S 120,No opinion.,3,1,4,3,4,,3,5,3,1,373,Cobbler,Zipper first!,Carefree,Good,No,Universal,Over easy,Rap
8/29/2018 15:18:33,Male,United States,27,6,6,7,Math 55,4,I don't know what this is.,I don't know what this is.,5,3,3,4,5,3,3,No opinion.,64,Sonder,Zipper first!,Carefree,Good,No,Relative,No preference,Anything melancholy
8/29/2018 15:18:39,Male,United States,20,8,7,6,,4,No opinion.,1,4,3,3,I don't know what this is.,3,5,4,2,16,garden,Zipper first!,Intense,Good,No,Relative,Scrambled,instrumental
8/29/2018 15:18:51,Male,United States,20,8,7,6,CS 61B,4,No opinion.,No opinion.,4,3,No opinion.,No opinion.,4,2,4,1,37,hu,Button first!,Carefree,Interesting,No,Relative,Scrambled,
8/29/2018 15:19:44,Male,United States,24,4,8,6,MSE 102,4,1,I don't know what this is.,4,5,3,I don't know what this is.,5,2,5,5,18,alsjeblieft,Button first!,Intense,Interesting,Yes,Relative,Over easy,Big Band
8/29/2018 15:20:14,Male,Vietnam,19,4,6,6,Astro c10,3,,,5,,,,2,1,3,,19,juche,Zipper first!,Carefree,Interesting,No,Relative,Sunny side up,ussr national anthem trap remix
8/29/2018 15:21:11,Female,United States,20,2,8,7,PMB 113,4,No opinion.,2,4,1,4,I don't know what this is.,3,4,5,I don't know what this is.,22,engentado,Zipper first!,Carefree,Interesting,No,,Over easy,low fi beats to study to
8/29/2018 15:23:10,Male,United States,19,8,9,8,Math 54,No opinion.,4,No opinion.,I don't know what this is.,No opinion.,No opinion.,No opinion.,4,4,4,No opinion.,2,Bueno,Zipper first!,Carefree,Good,Yes,Relative,Scrambled,Lil Xan
8/29/2018 15:27:49,Female,United States,21,7,8,8,MCB C61,5,4,I don't know what this is.,3,4,5,I don't know what this is.,2,3,4,1,84,tiquis-miquis,Button first!,Carefree,Good,Yes,Universal,Scrambled,Sound & Color by Alabama Shakes
8/29/2018 15:28:17,Male,United States,20,6,7,7,CS 61B,4,I don't know what this is.,No opinion.,4,No opinion.,No opinion.,No opinion.,5,2,3,1,21,Mitochondria,Zipper first!,Carefree,Interesting,No,Relative,Scrambled,J-Pop
8/29/2018 15:28:42,Other,United States,21,7,6,7,COMPSCI 61B,5,I don't know what this is.,2,5,1,2,,5,5,4,4,18,sjuksk√∂terska,Button first!,Intense,Good,No,Relative,Over easy,meme music
8/29/2018 15:31:52,Female,China,23,7,6,7,,5,I don't know what this is.,5,5,I don't know what this is.,3,I don't know what this is.,3,2,I don't know what this is.,No opinion.,41,Êàë,Zipper first!,Carefree,Good,No,Relative,Over medium/over hard,Yoga Lin
8/29/2018 15:31:55,Male,China,24,2,5,7,,I don't know what this is.,I don't know what this is.,I don't know what this is.,5,I don't know what this is.,No opinion.,I don't know what this is.,5,No opinion.,3,I don't know what this is.,27,Â∏Ö,Zipper first!,Carefree,Good,No,Relative,Over easy,MAYDAY
8/29/2018 15:32:58,Male,United States,20,3,7,7,CS61b,4,I don't know what this is.,I don't know what this is.,3,No opinion.,2,I don't know what this is.,4,2,4,1,1,Armaan S. Kohli,Button first!,Carefree,Good,No,Relative,Sunny side up,mandopop
8/29/2018 15:34:14,Male,China,20,5,7,7,Art History 11,2,I don't know what this is.,5,5,I don't know what this is.,No opinion.,I don't know what this is.,5,1,4,4,27,Despacito,Zipper first!,Intense,Good,Yes,Universal,Over medium/over hard,Rock
8/29/2018 15:35:31,Male,United States,20,3,6,8,,5,I don't know what this is.,I don't know what this is.,4,3,3,I don't know what this is.,4,5,5,1,19,English,Button first!,Carefree,Interesting,No,Universal,Sunny side up,rock
8/29/2018 15:35:47,Male,United States,21,5,6,8,CS 168,4,5,I don't know what this is.,4,5,No opinion.,4,4,3,4,I don't know what this is.,19,üíù,Zipper first!,Carefree,Good,No,Relative,Some other way,i only listen to aphex twin from josh hug's spotify playlist
8/29/2018 15:37:49,Male,Korea South,25,4,5,7,CS 168,4,I don't know what this is.,I don't know what this is.,5,No opinion.,No opinion.,I don't know what this is.,4,3,5,No opinion.,108,Î≤ÑÌÅ¥Î¶¨,Zipper first!,Intense,Interesting,No,Relative,Scrambled,female vocals
8/29/2018 15:38:38,Male,United States,20,4,7,7,CS 61A,4,3,I don't know what this is.,4,4,4,I don't know what this is.,4,2,4,1,24,Yeet,Button first!,Intense,Interesting,No,Relative,Sunny side up,Rap
8/29/2018 15:38:51,Male,United States,20,8,6,9,ESPM 50AC,5,2,I don't know what this is.,5,3,3,I don't know what this is.,4,3,4,I don't know what this is.,43,Êìç,Zipper first!,Intense,Good,Yes,Relative,Sunny side up,Pink Floyd
8/29/2018 15:41:05,Male,Vietnam,20,2,3,7,CS 61B,4,I don't know what this is.,I don't know what this is.,3,I don't know what this is.,No opinion.,I don't know what this is.,5,3,3,I don't know what this is.,69,H·∫£,Button first!,Carefree,Good,No,Relative,Sunny side up,Pop songs
8/29/2018 15:42:51,Male,Korea South,22,8,7,6,,4,I don't know what this is.,No opinion.,5,4,1,No opinion.,5,4,4,I don't know what this is.,11,love,Zipper first!,Carefree,Interesting,No,Relative,Soft/hard boiled,k-pop
8/29/2018 15:44:02,Female,United States,19,2,6,7,,5,2,1,4,5,3,4,1,1,3,3,10,slainte ,Zipper first!,Carefree,Interesting,Yes,Universal,Over easy,vaporwave 
8/29/2018 15:44:31,Male,United States,21,4,9,6,MATH 113,4,I don't know what this is.,I don't know what this is.,5,No opinion.,No opinion.,I don't know what this is.,4,5,1,I don't know what this is.,16,word,Button first!,Carefree,Good,No,,Over easy,WEST VIRGINIA
8/29/2018 15:47:28,Female,China,21,3,5,8,CS10,4,I don't know what this is.,I don't know what this is.,3,3,No opinion.,No opinion.,4,1,4,I don't know what this is.,5,Ëàû,Zipper first!,Carefree,Interesting,No,Universal,Over medium/over hard,Worship music
8/29/2018 15:47:32,Female,South Africa,23,8,4,6,Math 1A,5,5,3,5,5,No opinion.,I don't know what this is.,2,1,2,No opinion.,31,qongqothwane,Button first!,Carefree,Good,Yes,Universal,Some other way,Anything with dope rhythm 
8/29/2018 15:50:55,Male,China,21,7,5,8,Psychology 2,4,2,1,3,5,5,No opinion.,1,3,3,1,18,Guahan,Button first!,Intense,Interesting,Yes,Relative,Sunny side up,National Anthems
8/29/2018 15:50:59,Male,United States,21,8,7,7,Music 128V,5,1,I don't know what this is.,5,4,4,I don't know what this is.,5,3,5,I don't know what this is.,19,word,Button first!,Carefree,Interesting,Yes,Relative,Some other way,sad music
8/29/2018 15:55:18,Female,China,20,7,7,7,,4,No opinion.,No opinion.,4,No opinion.,3,I don't know what this is.,3,1,No opinion.,No opinion.,780,,Button first!,Carefree,Interesting,No,Universal,Sunny side up,
8/29/2018 15:56:47,Female,United States,19,8,7,7,,5,I don't know what this is.,I don't know what this is.,4,3,No opinion.,,,,5,,46,,Zipper first!,Carefree,,Yes,,Scrambled,
8/29/2018 15:58:05,Female,United States,19,5,8,7,EECS 126,No opinion.,I don't know what this is.,No opinion.,5,No opinion.,No opinion.,I don't know what this is.,5,No opinion.,3,1,23,pamplemousse,Button first!,Intense,,No,,Scrambled,
8/29/2018 16:04:59,Male,United States,20,2,7,7,,4,2,I don't know what this is.,5,3,3,3,3,3,4,1,,Schiesse,Button first!,Carefree,Interesting,No,Relative,Scrambled,hip hop
8/29/2018 16:10:25,Male,United States,20,2,5,8,CS 61b,4,4,I don't know what this is.,4,5,3,I don't know what this is.,4,4,5,1,17,Fitow,Zipper first!,Carefree,Good,Yes,Universal,Scrambled,
8/29/2018 16:13:26,Female,United States,,6,6,8,LINGUS 100,5,I don't know what this is.,2,3,5,4,I don't know what this is.,3,3,3,I don't know what this is.,62,Œ≤ŒπŒ≤ŒªŒπŒøŒ∏Œ∑Œ∫Œ∑,Zipper first!,Carefree,Good,No,,Scrambled,
8/29/2018 16:17:18,Male,United States,22,7,7,7,CS 294-112,4,No opinion.,I don't know what this is.,5,No opinion.,No opinion.,I don't know what this is.,3,2,5,No opinion.,17,switch,Zipper first!,Carefree,Good,No,Universal,Some other way,Panic! at the Disco
8/29/2018 16:18:14,Male,United States,21,6,7,7,,3,I don't know what this is.,I don't know what this is.,4,5,3,I don't know what this is.,3,3,4,2,28,Hi,Zipper first!,Intense,Good,No,Relative,Scrambled,John Mayer
8/29/2018 16:27:48,Male,United States,21,8,6,6,CS 61A,4,4,No opinion.,4,No opinion.,No opinion.,I don't know what this is.,4,No opinion.,5,No opinion.,142,banana,Zipper first!,Carefree,Good,No,Relative,Soft/hard boiled,spirituals
8/29/2018 16:27:49,Female,Pakistan,19,7,7,7,EDUC 188F,5,I don't know what this is.,I don't know what this is.,2,4,No opinion.,I don't know what this is.,4,3,5,4,42,Corn,Zipper first!,Intense,Good,Yes,Universal,Scrambled,Alt
8/29/2018 16:28:29,Female,United States,21,8,7,6,Stat 134,4,I don't know what this is.,I don't know what this is.,4,I don't know what this is.,No opinion.,I don't know what this is.,2,2,4,I don't know what this is.,11,hola,Zipper first!,Intense,Good,No,Universal,Over easy,R&B
8/29/2018 16:31:58,Female,United States,21,5,7,7,JAPAN 1A,4,No opinion.,No opinion.,4,4,No opinion.,I don't know what this is.,4,3,5,2,29,„ÅÜ„Çì„Åì,Button first!,Carefree,Interesting,Yes,Relative,Soft/hard boiled,Phoenix
8/29/2018 16:32:14,Male,United States,21,6,7,7,COMPSCI 61A,5,I don't know what this is.,I don't know what this is.,5,No opinion.,No opinion.,No opinion.,3,4,2,,32,Scintillating ,Zipper first!,Intense,Good,No,Universal,Scrambled,Indie Folk 
8/29/2018 16:33:19,Female,United States,20,4,8,8,Stat C8,No opinion.,No opinion.,I don't know what this is.,5,4,3,5,2,2,3,2,473,challah,Zipper first!,Intense,Good,Yes,Relative,I do not eat eggs,Hendrix 
8/29/2018 16:41:47,Male,United States,20,5,9,8,Stat 134,3,4,I don't know what this is.,5,5,5,5,5,3,4,3,6,rasberry,Button first!,Carefree,Interesting,No,Universal,Some other way,Skrillex
8/29/2018 16:41:59,Female,United States,19,8,7,6,IB 35AC,5,I don't know what this is.,1,3,4,4,I don't know what this is.,2,3,1,I don't know what this is.,14,hippopotamous,Zipper first!,Carefree,Interesting,Yes,Relative,Sunny side up,pop
8/29/2018 16:42:31,Male,India,19,7,8,5,CS 160,4,I don't know what this is.,1,5,5,No opinion.,I don't know what this is.,4,1,5,2,57,Zabardast,Button first!,Intense,Interesting,Yes,Relative,I do not eat eggs,Scott Lee‚Äôs SoundCloud! ;)
8/29/2018 16:45:31,Female,India,20,6,9,7,,3,I don't know what this is.,2,4,4,4,I don't know what this is.,1,3,5,1,8,dab,Button first!,Intense,Good,Yes,Universal,Scrambled,Lorde
8/29/2018 16:52:41,Male,United States,20,2,6,7,,5,I don't know what this is.,I don't know what this is.,4,3,4,I don't know what this is.,3,1,3,1,17,,Button first!,Intense,Interesting,No,Relative,Over easy,
8/29/2018 16:55:30,Female,United States,20,5,8,8,INFO 188,3,I don't know what this is.,No opinion.,5,5,3,I don't know what this is.,No opinion.,4,4,1,15,happy,Button first!,Intense,Good,Yes,Relative,Over medium/over hard,all
8/29/2018 16:56:40,Female,Taiwan,20,7,7,8,EPS 7,,,,,,,,,,,,,,,,Good,No,,,
8/29/2018 16:57:23,Female,United States,20,7,5,7,DATA 8,4,I don't know what this is.,I don't know what this is.,5,2,4,I don't know what this is.,2,4,4,I don't know what this is.,19,Shalom,Button first!,Carefree,Good,Yes,Relative,Over medium/over hard,Pop
8/29/2018 17:14:00,Male,Canada,20,7,9,8,MATH 104,5,I don't know what this is.,I don't know what this is.,4,4,2,I don't know what this is.,5,5,4,I don't know what this is.,257,Hi,Zipper first!,Carefree,Good,Yes,Universal,Scrambled,Pop rock
8/29/2018 17:14:16,Female,United States,21,7,6,9,IEOR 192,3,I don't know what this is.,No opinion.,No opinion.,5,5,I don't know what this is.,No opinion.,2,2,I don't know what this is.,13,optimization,Zipper first!,Intense,Good,No,Relative,Over easy,cam meekins
8/29/2018 17:14:59,Female,United States,20,8,8,8,,No opinion.,No opinion.,2,4,4,No opinion.,No opinion.,5,3,4,No opinion.,2,,Zipper first!,Carefree,Good,No,Relative,Sunny side up,Lo-fi
8/29/2018 17:18:24,Male,China,23,8,8,7,Finnish 1A,5,I don't know what this is.,I don't know what this is.,5,I don't know what this is.,1,I don't know what this is.,4,2,4,1,23,,Zipper first!,Intense,Good,Yes,Relative,Some other way,1990-2000
8/29/2018 17:20:09,Male,United States,21,7,8,6,CHM ENG 150A,4,No opinion.,No opinion.,2,5,5,I don't know what this is.,5,3,4,1,74,,Button first!,Carefree,Good,No,Relative,Scrambled,kpop
8/29/2018 17:22:54,Female,China,23,6,5,7,CS61A,4,I don't know what this is.,4,4,I don't know what this is.,No opinion.,I don't know what this is.,No opinion.,No opinion.,4,I don't know what this is.,39,ciao,Zipper first!,Intense,Interesting,Yes,Relative,Scrambled,kahlid
8/29/2018 17:25:01,Male,Ethiopia,21,5,6,8,Data 100,4,5,4,4,2,2,3,2,3,3,2,63,English ,Button first!,Carefree,Good,Yes,Universal,Sunny side up,TuPac
8/29/2018 17:30:48,Prefer not to say,Mexico,30,4,4,5,CS 61C,No opinion.,I don't know what this is.,I don't know what this is.,4,4,No opinion.,4,3,3,5,No opinion.,10,Enchilada,Button first!,Carefree,Good,No,Relative,Scrambled,Alternative Rock
8/29/2018 17:31:40,Male,United States,19,5,5,7,CS 61a,5,I don't know what this is.,2,5,5,5,I don't know what this is.,3,5,5,1,38,sphincter,Button first!,Carefree,Interesting,No,Relative,Over easy,Korean solo artists
8/29/2018 17:43:11,Female,United States,20,8,8,7,CS 61B,5,I don't know what this is.,I don't know what this is.,4,3,3,I don't know what this is.,2,3,3,1,6,knuffel,Zipper first!,Intense,Interesting,Yes,Relative,Sunny side up,The Avett Brothers
8/29/2018 17:45:16,Male,United States,20,7,7,7,MATH 55,4,I don't know what this is.,No opinion.,4,3,3,4,2,5,5,I don't know what this is.,9,Ganga,Button first!,Intense,Good,No,Relative,Over medium/over hard,Country
8/29/2018 17:46:00,Male,Philippines,20,5,7,6,MUSIC 44,3,I don't know what this is.,I don't know what this is.,3,No opinion.,3,I don't know what this is.,5,2,3,1,7,Îò•,Button first!,Intense,Interesting,Yes,Universal,Scrambled,EXO
8/29/2018 17:51:19,Female,Pakistan,23,10,10,6,CS61A,5,3,I don't know what this is.,4,2,No opinion.,I don't know what this is.,No opinion.,No opinion.,5,1,11,Touch,Zipper first!,Carefree,Good,No,Universal,Scrambled,Florence and the Machine 
8/29/2018 17:58:12,Female,India,20,6,6,6,LEGALST 39D,4,I don't know what this is.,I don't know what this is.,I don't know what this is.,No opinion.,No opinion.,No opinion.,4,1,5,1,1,Hola,Zipper first!,Intense,Good,No,Relative,Scrambled,Jazz
8/29/2018 18:00:13,Male,United States,21,6,8,6,Math 54,No opinion.,I don't know what this is.,I don't know what this is.,4,No opinion.,No opinion.,No opinion.,5,3,4,I don't know what this is.,1234567,chinchilla,Zipper first!,Intense,Good,No,Relative,Scrambled,EDM
8/29/2018 18:07:42,Male,United States,20,3,7,5,CS 61B,3,I don't know what this is.,1,5,No opinion.,4,I don't know what this is.,5,3,3,I don't know what this is.,82,balls,Button first!,Carefree,Interesting,No,Universal,Scrambled,classical
8/29/2018 18:09:13,Male,United States,21,3,6,7,CS 61A,5,2,I don't know what this is.,5,3,4,I don't know what this is.,5,4,4,1,13,Poop,Button first!,Intense,Good,Yes,Universal,Scrambled,Hip-hop
8/29/2018 18:10:34,Male,United States,21,7,7,7,CS 188,No opinion.,I don't know what this is.,No opinion.,5,3,No opinion.,I don't know what this is.,3,3,2,I don't know what this is.,0,word,Button first!,Carefree,Interesting,No,Relative,Sunny side up,
8/29/2018 18:12:45,Male,United States,21,4,7,8,CS 61B,4,No opinion.,No opinion.,4,3,3,3,3,1,3,No opinion.,69,Ïó¨Î¶Ñ,Zipper first!,Intense,Good,Yes,Relative,Over medium/over hard,Reggaeton
8/29/2018 18:14:42,Male,India,20,6,4,7,NUSCTX 10 ,2,2,No opinion.,3,3,No opinion.,I don't know what this is.,No opinion.,4,2,No opinion.,17,Tap,Zipper first!,Carefree,Good,Yes,Universal,I do not eat eggs,Boom bap 
8/29/2018 18:14:44,Male,United States,21,7,7,6,ARABIC 1B,No opinion.,No opinion.,No opinion.,4,3,No opinion.,No opinion.,2,1,2,1,49,bhenchod,Button first!,Carefree,Interesting,No,Relative,Scrambled,Foxwedding
8/29/2018 18:15:59,Male,China,20,4,5,4,CS188,5,3,2,4,3,2,3,5,5,4,4,2333,Âä†Ê≤π,Button first!,Intense,Interesting,No,Relative,,Country
8/29/2018 18:17:49,Male,Brazil,21,4,8,8,,3,I don't know what this is.,2,3,No opinion.,4,I don't know what this is.,3,3,5,3,0,Pneumoultramicroscopicossilicovulcanoconi√≥tico,Zipper first!,Carefree,Interesting,Yes,Universal,Sunny side up,College Dropout - Kanye West
8/29/2018 18:19:02,Male,Philippines,20,7,8,5,CS 161,,,,,,,,,,,,22,pinakanakapagpapabagabag-damdamin,Zipper first!,Carefree,Good,No,Universal,Over easy,Frank Ocean
8/29/2018 18:22:32,Female,United States,20,7,4,7,MUSIC 170,No opinion.,No opinion.,1,5,5,4,No opinion.,2,5,3,5,100,love,Zipper first!,Intense,Good,Yes,Universal,Over easy,Coldplay
8/29/2018 18:26:49,Male,United States,19,5,6,6,ITALIAN 130A,4,3,2,4,3,5,3,4,4,4,1,16,vigilans,Button first!,Carefree,Interesting,Yes,Relative,Over easy,Sleeping At Last
8/29/2018 18:27:58,Male,United States,28,4,9,7,DS 100,5,4,I don't know what this is.,5,3,3,I don't know what this is.,4,1,1,1,110,pamplemousse,Zipper first!,Carefree,Interesting,Yes,Relative,Over easy,Andrew Bird
8/29/2018 18:38:58,Female,United States,18,6,8,5,CS 61BL,3,I don't know what this is.,2,3,3,2,I don't know what this is.,3,2,3,I don't know what this is.,4,wagon,Zipper first!,Carefree,Good,Yes,Relative,I do not eat eggs,edm
8/29/2018 18:40:03,Male,India,23,8,4,6,,5,I don't know what this is.,I don't know what this is.,4,4,No opinion.,I don't know what this is.,5,1,4,1,11,Word,Zipper first!,Intense,Interesting,No,Relative,Scrambled,Movie or TV Soundtracks
8/29/2018 19:17:55,Female,China,20,5,7,8,Stats 135,5,I don't know what this is.,I don't know what this is.,3,I don't know what this is.,1,I don't know what this is.,5,1,1,1,1,ÈáëËµ´Â•é,Button first!,Carefree,Good,Yes,Relative,Sunny side up,Taylor Swift
8/29/2018 19:18:15,Male,Australia,19,7,7,8,Data 8,4,No opinion.,No opinion.,5,No opinion.,No opinion.,I don't know what this is.,5,2,3,1,18,Peanut,Zipper first!,Intense,Interesting,No,Relative,Scrambled,
8/29/2018 20:06:24,Female,United States,20,5,7,7,S ASIAN 1B,5,4,3,4,5,3,3,5,1,3,2,27,hola,Zipper first!,Carefree,Interesting,No,Relative,Scrambled,"Frank Ocean, J. Cole"
8/29/2018 20:14:25,Female,United States,20,6,9,7,COG SCI 88,5,I don't know what this is.,No opinion.,4,4,No opinion.,I don't know what this is.,3,3,5,I don't know what this is.,38,love,Zipper first!,Intense,Good,No,Relative,I do not eat eggs,Bollywood
8/29/2018 20:48:38,Female,United States,20,6,9,8,STAT C8,5,I don't know what this is.,I don't know what this is.,4,4,2,I don't know what this is.,No opinion.,2,3,I don't know what this is.,3,hello,Zipper first!,Intense,Good,No,Relative,Over medium/over hard,alternative
8/29/2018 20:49:03,Male,United States,20,3,6,10,MATH 1B,2,I don't know what this is.,I don't know what this is.,4,3,3,I don't know what this is.,2,2,4,2,7,Aaaaa,Button first!,Carefree,Good,Yes,Universal,Scrambled,Aaaaaa i just wanted to be at the top of the list signed the mysterios anonymous g
8/29/2018 20:52:24,Female,China,21,7,9,8,CS10,5,I don't know what this is.,I don't know what this is.,5,I don't know what this is.,No opinion.,I don't know what this is.,4,2,No opinion.,I don't know what this is.,33,Ciao,Button first!,Intense,Good,Yes,Relative,Sunny side up,Rock 
8/29/2018 21:04:41,Male,China,20,6,6,8,EL ENG 16B,No opinion.,No opinion.,No opinion.,4,No opinion.,No opinion.,No opinion.,No opinion.,No opinion.,No opinion.,No opinion.,17,‰ºØÂÖãÂà©,Zipper first!,Carefree,Interesting,Yes,Universal,Soft/hard boiled,Classical
8/29/2018 21:07:04,Male,Mexico,22,4,7,8,,No opinion.,I don't know what this is.,I don't know what this is.,4,3,No opinion.,No opinion.,5,3,4,3,,y,Zipper first!,Carefree,Interesting,No,Relative,Over easy,
8/29/2018 21:12:12,Male,United States,19,8,7,8,COMPSCI 61B,4,,,4,,2,,5,2,4,1,23,Zela,Zipper first!,Carefree,Interesting,No,Relative,Soft/hard boiled,Seven Nation Army
8/29/2018 21:20:44,Female,United States,19,8,7,7,Stat 134,4,3,2,3,3,4,I don't know what this is.,5,3,2,I don't know what this is.,28,Debauchement,Zipper first!,Carefree,Good,Yes,Universal,Sunny side up,dream/bedroom/indie/space pop
8/29/2018 21:21:59,Male,Hong Kong,,1,9,8,PHYS 231,No opinion.,I don't know what this is.,I don't know what this is.,5,I don't know what this is.,No opinion.,I don't know what this is.,No opinion.,No opinion.,No opinion.,I don't know what this is.,809,R≈çnin,Button first!,Intense,Interesting,Yes,Universal,Sunny side up,Classical
8/29/2018 21:26:25,Male,United States,21,4,10,6,CS170,4,3,1,4,4,3,No opinion.,5,2,3,No opinion.,23,No,Button first!,Intense,Interesting,Yes,Relative,Sunny side up,Funk
8/29/2018 21:30:29,Male,United States,19,8,9,8,ELENG 140,I don't know what this is.,I don't know what this is.,I don't know what this is.,5,3,4,I don't know what this is.,2,4,3,I don't know what this is.,28,croissant,Button first!,Intense,Interesting,Yes,Universal,Sunny side up,Classical
8/29/2018 21:49:12,Female,United States,20,8,7,6,"CS 61A, MUSIC 128A",No opinion.,I don't know what this is.,1,5,4,No opinion.,I don't know what this is.,No opinion.,1,5,1,37,’°’º’°’Ω’ø’°’≤,Zipper first!,Carefree,Interesting,No,Relative,Scrambled,"can't pick (classical, oldies (1970s), Aznavour)"
8/29/2018 21:59:40,Male,United States,21,4,8,7,CS 61B,,I don't know what this is.,1,4,4,3,5,5,1,1,5,15,gestalt,Button first!,Carefree,Good,Yes,Relative,Some other way,Math Rock
8/29/2018 22:06:22,Male,United States,26,6,9,6,CS 170,No opinion.,2,1,5,No opinion.,No opinion.,No opinion.,4,No opinion.,5,1,92,Breviet ,Zipper first!,Intense,Interesting,No,Universal,Over medium/over hard,The Album About Nothing
8/29/2018 22:17:09,,,,,,1,,,,,,,,,,,,,,,,,,,,,
8/29/2018 22:32:19,Male,Korea South,28,4,7,7,DATA 100,5,I don't know what this is.,I don't know what this is.,5,3,3,3,3,3,4,2,23,Trust,Button first!,Intense,Good,No,Universal,Over easy,Classic
8/29/2018 22:40:20,Male,United States,19,8,8,8,LING 100,5,No opinion.,1,4,4,4,No opinion.,5,2,4,I don't know what this is.,26,banana,Zipper first!,Intense,Interesting,Yes,Relative,Scrambled,Lauv
8/29/2018 22:49:01,Male,China,20,3,7,7,STAT C100,5,I don't know what this is.,I don't know what this is.,5,No opinion.,No opinion.,I don't know what this is.,2,4,3,2,28,STEINS,Button first!,Carefree,Interesting,No,Relative,Over medium/over hard,È´òÊ©ãÂÑ™
8/29/2018 22:51:01,Female,United States,20,7,7,8,DATA 8,4,I don't know what this is.,3,4,4,4,I don't know what this is.,4,4,2,1,7,ai,Button first!,Intense,Good,No,Relative,Scrambled,Singer/songwriter
8/29/2018 23:14:17,Female,United States,20,7,7,6,HIST 100D,5,I don't know what this is.,2,3,3,4,No opinion.,5,2,4,1,37,pamplemousse,Button first!,Intense,Interesting,No,Relative,Sunny side up,Edith Piaf
8/29/2018 23:21:30,Male,United States,19,3,8,6,STAT 140,5,I don't know what this is.,1,2,3,3,3,5,3,5,3,17,Mori,Zipper first!,Intense,Good,No,Relative,Soft/hard boiled,EDM
8/29/2018 23:35:08,Female,United States,21,7,9,5,CS 194,4,I don't know what this is.,No opinion.,5,3,No opinion.,I don't know what this is.,5,2,2,I don't know what this is.,47,loggia,Button first!,Intense,Good,No,Universal,Some other way,metal
8/29/2018 23:41:28,Male,United States,19,3,8,7,DATA 8,4,2,I don't know what this is.,4,3,4,I don't know what this is.,5,2,5,1,41,Hello,Zipper first!,Intense,Good,No,Universal,I do not eat eggs,Rap
8/29/2018 23:54:22,Male,United States,42,5,9,6,CS 61B,3,I don't know what this is.,I don't know what this is.,5,4,4,I don't know what this is.,No opinion.,3,5,1,138,Cheers,Button first!,Intense,Interesting,Yes,Relative,Scrambled,Sheer Terror
8/30/2018 0:07:48,Male,Korea South,20,4,8,10,CS 70,5,I don't know what this is.,I don't know what this is.,1,No opinion.,No opinion.,No opinion.,2,4,2,I don't know what this is.,29,"""jug""",Button first!,Intense,Interesting,Yes,Universal,Sunny side up,Shostakovich
8/30/2018 0:16:22,Male,United States,20,3,7,8,COMPSCI 161,5,3,3,I don't know what this is.,1,3,3,4,2,1,4,,,,Intense,Interesting,No,,Scrambled,
8/30/2018 0:20:15,Male,United States,20,5,6,8,MUSIC 142,4,No opinion.,No opinion.,4,3,2,I don't know what this is.,5,3,2,4,41,Morghulis,Zipper first!,Intense,Good,No,Relative,Over medium/over hard,Jeff Rosenstock
8/30/2018 0:21:04,Male,United States,19,5,8,6,STAT C8,No opinion.,I don't know what this is.,4,4,No opinion.,No opinion.,I don't know what this is.,No opinion.,3,2,I don't know what this is.,38,lmao,Zipper first!,Intense,Good,No,Relative,Soft/hard boiled,EDM
8/30/2018 0:37:03,Male,United States,20,7,6,5,,5,5,2,5,4,5,I don't know what this is.,5,3,3,I don't know what this is.,256,cazzo,Zipper first!,Carefree,Good,No,Relative,Scrambled,Lo-fi
8/30/2018 0:41:01,Male,United States,19,6,5,7,COMPSCI 61B,No opinion.,4,I don't know what this is.,5,3,3,I don't know what this is.,1,2,4,No opinion.,17,‡∞®‡±á‡∞®‡±Å,Button first!,Carefree,Interesting,No,Relative,Scrambled,Good
8/30/2018 0:42:13,Male,Turkey,21,7,7,7,DATA 8,4,I don't know what this is.,1,5,No opinion.,3,No opinion.,2,2,5,No opinion.,41,selam,Button first!,Intense,Interesting,Yes,Universal,Over medium/over hard,
8/30/2018 1:23:48,Male,Pakistan,21,3,6,5,THEATER 10,No opinion.,I don't know what this is.,No opinion.,4,I don't know what this is.,No opinion.,I don't know what this is.,4,2,4,I don't know what this is.,27,Pyaar,Button first!,Carefree,Good,Yes,Relative,Sunny side up,Atif Aslam
8/30/2018 2:21:40,Male,Niger,32,10,10,9,CS 61B,1,1,1,1,1,1,1,3,1,1,1,24,Ni hai,Zipper first!,Carefree,Interesting,No,Relative,Over easy,Oh canada
8/30/2018 2:38:24,Male,United States,19,4,6,8,COMPSCI 61B,5,4,2,5,4,3,I don't know what this is.,3,2,2,1,7,Obrigado,Button first!,Carefree,Good,Yes,Relative,Scrambled,Music I can dance to
8/30/2018 2:54:48,Female,China,21,6,5,7,CS 188,5,I don't know what this is.,3,4,4,3,No opinion.,5,4,No opinion.,2,37,„ÅäÊó©„ÅÜ,Zipper first!,Carefree,Interesting,No,Relative,No preference,G.E.M.
8/30/2018 8:03:47,Female,United States,19,4,7,7,CS 61B,No opinion.,No opinion.,No opinion.,4,3,3,No opinion.,3,3,3,No opinion.,4,Aiyo,Zipper first!,Carefree,Good,No,Relative,Scrambled,Bollywood
8/30/2018 8:30:12,Female,United States,20,7,7,6,COMPSCI C8,5,No opinion.,2,4,3,No opinion.,No opinion.,No opinion.,2,3,1,9,Â≠¶,Button first!,Carefree,Good,Yes,Universal,No preference,R&B
8/30/2018 8:50:14,Female,United States,22,3,8,5,PSYCH C61,3,4,2,5,5,No opinion.,I don't know what this is.,4,4,5,4,17,carousel ,Zipper first!,Intense,Good,No,Relative,Over easy,sad boi tunes
8/30/2018 9:19:42,Female,United States,,5,9,6,ITALIAN 120,3,I don't know what this is.,I don't know what this is.,No opinion.,No opinion.,No opinion.,No opinion.,2,2,2,I don't know what this is.,,sp√©cialisation,Zipper first!,Intense,Interesting,No,Relative,Over easy,Pop
8/30/2018 9:24:24,Male,United States,22,8,7,7,CS 70,4,5,I don't know what this is.,3,4,No opinion.,I don't know what this is.,4,5,I don't know what this is.,I don't know what this is.,17,Football,Button first!,Intense,Good,No,Universal,Scrambled,Breaking Bad/Better Call Saul Soundtrack
8/30/2018 10:50:34,Female,United States,19,6,7,7,CS 70,5,I don't know what this is.,No opinion.,4,No opinion.,2,I don't know what this is.,3,3,4,I don't know what this is.,381,√©poustouflant,Zipper first!,Carefree,Interesting,Yes,Relative,Soft/hard boiled,"indie pop, EDM"
8/30/2018 11:03:05,Male,United States,20,4,8,6,COMPSCI 61B,5,No opinion.,No opinion.,5,4,5,I don't know what this is.,4,3,3,1,13,fuego,Button first!,Carefree,Good,No,Relative,Scrambled,lil bit o everything 
8/30/2018 11:56:02,Female,United Kingdom,21,5,6,7,CS 161,4,I don't know what this is.,2,3,3,2,I don't know what this is.,5,1,4,3,32,Macaron,Zipper first!,Carefree,Good,No,Universal,Sunny side up,Video Game OSTs
8/30/2018 12:34:33,Female,United States,21,8,7,7,COMPSCI 61A,No opinion.,I don't know what this is.,I don't know what this is.,5,I don't know what this is.,3,I don't know what this is.,No opinion.,No opinion.,3,I don't know what this is.,57,,Zipper first!,Carefree,Interesting,Yes,Universal,Over medium/over hard,BTS
8/30/2018 13:10:44,Male,United States,21,7,7,7,CS 161,5,5,2,5,5,5,3,1,5,4,1,37,Cattywompus ,Button first!,Carefree,Interesting,No,Relative,Over medium/over hard,Hip hop/R&B
8/30/2018 13:54:37,Female,Mexico,22,5,5,7,MATH 104,3,5,3,4,3,2,I don't know what this is.,2,3,4,2,11,Anana,Button first!,Carefree,Interesting,No,Relative,Scrambled,EDM
8/30/2018 14:25:35,Female,Korea South,24,8,9,6,AFRICAM 111,3,4,1,5,4,1,I don't know what this is.,5,1,5,1,51,snake,Button first!,Intense,Good,No,Universal,Scrambled,Nicki Minaj
8/30/2018 14:31:52,Male,United States,22,9,8,7,,5,I don't know what this is.,I don't know what this is.,5,5,No opinion.,I don't know what this is.,5,1,1,1,231,Âä†Ê≤π,Button first!,Carefree,Interesting,No,Relative,Soft/hard boiled,Ed Sheeran
8/30/2018 15:04:42,,,,,,,,,,,,,,,,,,,10,,,,,,,,
8/30/2018 15:44:03,Male,China,22,5,9,7,,No opinion.,No opinion.,5,3,3,5,3,5,5,5,5,7,shit,Zipper first!,Intense,Interesting,Yes,Relative,Soft/hard boiled,kiss the rain
8/30/2018 16:11:25,Male,China,22,6,7,8,cs294,4,I don't know what this is.,I don't know what this is.,5,3,5,I don't know what this is.,5,3,5,1,0,love,Zipper first!,Intense,Interesting,Yes,Relative,Sunny side up,m.a.a.d city
8/30/2018 16:16:29,Male,,19,6,7,8,Music 27,4,I don't know what this is.,I don't know what this is.,4,3,3,I don't know what this is.,4,3,3,I don't know what this is.,102,fromage,Zipper first!,Carefree,Good,Yes,Relative,Over medium/over hard,Rock
8/30/2018 16:53:04,Male,China,21,5,8,7,CS 61B,4,I don't know what this is.,I don't know what this is.,4,I don't know what this is.,4,I don't know what this is.,5,4,4,3,16,fancy,Zipper first!,Intense,Good,No,Universal,Sunny side up,John Legend
8/30/2018 17:05:24,Male,United States,19,10,5,5,COMPSCI 61B ,I don't know what this is.,I don't know what this is.,I don't know what this is.,I don't know what this is.,I don't know what this is.,I don't know what this is.,I don't know what this is.,I don't know what this is.,I don't know what this is.,I don't know what this is.,I don't know what this is.,10,rain,Zipper first!,Carefree,Good,Yes,Relative,Sunny side up,jazz